name,province,area_km2,match_method
Akbar,Basilan,30.56181676876681,contains
City of Lamitan,Basilan,248.3904264477529,contains
Hadji Mohammad Ajul,Basilan,63.27631637848896,contains
Hadji Muhtamad,Basilan,52.64471602373368,contains
Lantawan,Basilan,149.6483221361417,contains
Maluso,Basilan,86.28747834915305,contains
Sumisip,Basilan,264.90927574709127,contains
Tabuan-Lasa,Basilan,27.070109110298517,contains
Tipo-Tipo,Basilan,44.83192961989459,contains
Tuburan,Basilan,44.03190808906071,contains
Ungkaya Pukan,Basilan,264.90927574709127,contains
Amai Manabilang,Lanao del Sur,327.7989949404874,contains
Bacolod-Kalawi,Lanao del Sur,21.983259332761452,contains
Balabagan,Lanao del Sur,86.12601612204186,contains
Balindong,Lanao del Sur,39.383964513802034,contains
Bayang,Lanao del Sur,21.503233200806438,contains
Binidayan,Lanao del Sur,15.198793295988082,contains
Buadiposo-Buntong,Lanao del Sur,28.654532606579938,contains
Bubong,Lanao del Sur,146.42121441773764,contains
Butig,Lanao del Sur,471.2603982758441,contains
Calanogas,Lanao del Sur,67.30766801191074,contains
City of Marawi,Lanao del Sur,55.65444582951586,contains
Ditsaan-Ramain,Lanao del Sur,18.61198111742097,contains
Ganassi,Lanao del Sur,21.41456357017064,contains
Kapai,Lanao del Sur,81.9130709508857,contains
Kapatagan,Lanao del Sur,87.62879126086476,contains
Lumba-Bayabao,Lanao del Sur,256.66392948632114,contains
Lumbaca-Unayan,Lanao del Sur,20.995610188435368,contains
Lumbatan,Lanao del Sur,27.768240134473825,contains
Lumbayanague,Lanao del Sur,17.062885486787003,contains
Madalum,Lanao del Sur,80.45753256941944,contains
Madamba,Lanao del Sur,99.716273464929,contains
Maguing,Lanao del Sur,286.8659281878554,contains
Malabang,Lanao del Sur,86.55536710366941,contains
Marantao,Lanao del Sur,34.51445888684189,contains
Marogong,Lanao del Sur,231.7155773799376,contains
Masiu,Lanao del Sur,59.74321452973013,contains
Mulondo,Lanao del Sur,12.407448426620647,contains
Pagayawan,Lanao del Sur,48.53651579079631,contains
Piagapo,Lanao del Sur,119.46331003320199,contains
Picong,Lanao del Sur,153.21385814972604,contains
Poona Bayabao,Lanao del Sur,19.091228047669034,contains
Pualas,Lanao del Sur,66.37797580179472,contains
Saguiaran,Lanao del Sur,33.43058866669858,contains
Sultan Dumalondong,Lanao del Sur,25.38817720581816,contains
Tagoloan II,Lanao del Sur,172.40652068145246,contains
Tamparan,Lanao del Sur,8.363631431972545,contains
Taraka,Lanao del Sur,9.632070059118004,contains
Tubaran,Lanao del Sur,45.104552096729876,contains
Tugaya,Lanao del Sur,30.952571043590694,contains
Wao,Lanao del Sur,314.8387490479543,contains
Barira,Maguindanao del Norte,160.6485676645429,contains
Buldon,Maguindanao del Norte,378.997287706,contains
City of Cotabato,Maguindanao del Norte,86.08874986591739,contains
Datu Blah T. Sinsuat,Maguindanao del Norte,275.93380248104256,contains
Datu Odin Sinsuat,Maguindanao del Norte,387.7062609053217,contains
Kabuntalan,Maguindanao del Norte,87.7868199516103,contains
Matanog,Maguindanao del Norte,112.09505892786426,contains
Northern Kabuntalan,Maguindanao del Norte,112.87020523085425,contains
Parang,Maguindanao del Norte,144.2774573584204,contains
Sultan Kudarat,Maguindanao del Norte,184.08008541696057,contains
Sultan Mastura,Maguindanao del Norte,55.95990860726927,contains
Talitay,Maguindanao del Norte,33.7999121942275,contains
Upi,Maguindanao del Norte,530.4294639754137,contains
Ampatuan,Maguindanao del Sur,222.14969913989333,contains
Buluan,Maguindanao del Sur,57.87282090783011,contains
Datu Abdullah Sangki,Maguindanao del Sur,106.00187032742534,contains
Datu Anggal Midtimbang,Maguindanao del Sur,33.588056506010005,contains
Datu Hoffer Ampatuan,Maguindanao del Sur,48.95332568772304,contains
Datu Paglas,Maguindanao del Sur,143.8508847138883,contains
Datu Piang,Maguindanao del Sur,55.73423316613443,contains
Datu Salibo,Maguindanao del Sur,29.36514153054314,contains
Datu Saudi Ampatuan,Maguindanao del Sur,40.530262106381166,contains
Datu Unsay,Maguindanao del Sur,59.006852805970254,contains
Gen. S.K. Pendatun,Maguindanao del Sur,140.53293499122836,contains
Guindulungan,Maguindanao del Sur,113.16470976164779,contains
Mamasapano,Maguindanao del Sur,36.11101989018209,contains
Mangudadatu,Maguindanao del Sur,92.42451327417548,contains
Pagagawan,Maguindanao del Sur,159.49821445936732,contains
Pagalungan,Maguindanao del Sur,198.2619347308221,contains
Paglat,Maguindanao del Sur,33.544063366856555,contains
Pandag,Maguindanao del Sur,44.84990695698042,contains
Rajah Buayan,Maguindanao del Sur,68.04791552143737,contains
Shariff Aguak,Maguindanao del Sur,36.52941581761021,contains
Shariff Saydona Mustapha,Maguindanao del Sur,55.97503838329068,contains
South Upi,Maguindanao del Sur,441.20255586282445,contains
Sultan Sa Barongis,Maguindanao del Sur,107.17718104200507,contains
Talayan,Maguindanao del Sur,136.09042961150158,contains
Kadayangan,Special Geographic Area,247.44292103473765,contains
Kapalawan,Special Geographic Area,360.4243710434929,contains
Ligawasan,Special Geographic Area,172.90929965110848,contains
Malidegao,Special Geographic Area,255.7621227595434,contains
Nabalawag,Special Geographic Area,59.006852805970254,contains
Old Kaabakan,Special Geographic Area,140.53293499122836,contains
Pahamuddin,Special Geographic Area,172.90929965110848,contains
Tugunan,Special Geographic Area,247.44292103473765,contains
Bongao,Tawi-Tawi,121.86484740417289,contains
Languyan,Tawi-Tawi,229.53657928021624,contains
Mapun,Tawi-Tawi,70.71757548800262,contains
Panglima Sugala,Tawi-Tawi,231.8071854332351,contains
Sapa-Sapa,Tawi-Tawi,50.75694268771719,contains
Sibutu,Tawi-Tawi,104.94078801420167,contains
Simunul,Tawi-Tawi,56.3485249436939,contains
Sitangkai,Tawi-Tawi,27.48744233175804,contains
South Ubian,Tawi-Tawi,30.36126115046639,contains
Tandubas,Tawi-Tawi,217.82841110792836,contains
Turtle Islands,Tawi-Tawi,3.18717642953967,contains
Bangued,Abra,118.9108824400169,contains
Boliney,Abra,178.54889867921878,contains
Bucay,Abra,99.64014969795427,contains
Bucloc,Abra,57.93377924614134,contains
Daguioman,Abra,93.44264120096332,contains
Danglas,Abra,176.15008925020487,contains
Dolores,Abra,44.76195733207258,contains
La Paz,Abra,52.602006111033646,contains
Lacub,Abra,248.6376491966051,contains
Lagangilang,Abra,90.8101037450771,contains
Lagayan,Abra,133.35349120910453,contains
Langiden,Abra,89.75729413091972,contains
Licuan-Baay,Abra,275.1667502480851,contains
Luba,Abra,136.90720451153138,contains
Malibcong,Abra,259.3001089899221,contains
Manabo,Abra,77.36511702673883,contains
Peñarrubia,Abra,39.38590453803472,contains
Pidigan,Abra,54.90567188005279,contains
Pilar,Abra,84.94201401660177,contains
Sallapadan,Abra,132.50807910941884,contains
San Isidro,Abra,45.494593005506324,contains
San Juan,Abra,68.30381541509641,contains
San Quintin,Abra,57.20677988086452,contains
Tayum,Abra,48.2829533313029,contains
Tineg,Abra,744.1160538291961,contains
Tubo,Abra,431.05518994210564,contains
Villaviciosa,Abra,88.49605195284525,contains
Calanasan,Apayao,1362.4311312088137,contains
Conner,Apayao,704.8698534980532,contains
Flora,Apayao,243.82224153219028,contains
Kabugao,Apayao,989.3821217974479,contains
Luna,Apayao,321.80514767801515,contains
Pudtol,Apayao,302.2851574201644,contains
Santa Marcela,Apayao,64.61354631676302,contains
Atok,Benguet,178.09872128124928,contains
Bakun,Benguet,315.20387104029237,contains
Bokod,Benguet,392.1787839024724,contains
Buguias,Benguet,176.39529668674976,contains
Itogon,Benguet,438.1414829461737,contains
Kabayan,Benguet,190.5849200184973,contains
Kapangan,Benguet,181.1155783720695,contains
Kibungan,Benguet,167.18483303916074,contains
La Trinidad,Benguet,70.69264466061782,contains
Mankayan,Benguet,146.05581160448733,contains
Sablan,Benguet,101.76776726881887,contains
Tuba,Benguet,341.70509967574515,contains
Tublay,Benguet,76.28110274960936,contains
Aguinaldo,Ifugao,450.05995128255347,contains
Alfonso Lista,Ifugao,359.3916686742095,contains
Asipulo,Ifugao,205.02152826610208,contains
Banaue,Ifugao,191.9364017798777,contains
Hingyon,Ifugao,57.06068265250564,contains
Hungduan,Ifugao,241.5665915664518,contains
Kiangan,Ifugao,118.91800402725282,contains
Lagawe,Ifugao,229.28388875766768,contains
Lamut,Ifugao,150.57137628310448,contains
Mayoyao,Ifugao,273.67177832842896,contains
Tinoc,Ifugao,228.57601733483273,contains
Balbalan,Kalinga,631.5822616499689,contains
City of Tabuk,Kalinga,689.7545592117663,contains
Lubuagan,Kalinga,62.17912632117935,contains
Pasil,Kalinga,337.055841865216,contains
Pinukpuk,Kalinga,366.0707752923936,contains
Rizal,Kalinga,185.2010178758518,contains
Tanudan,Kalinga,338.9519457063411,contains
Tinglayan,Kalinga,214.16028220222012,contains
Barlig,Mountain Province,252.30900418276147,contains
Bauko,Mountain Province,129.50273684735174,contains
Besao,Mountain Province,130.75476543789833,contains
Bontoc,Mountain Province,279.86190727827557,contains
Natonin,Mountain Province,359.59022376644305,contains
Paracelis,Mountain Province,470.4963431628017,contains
Sabangan,Mountain Province,113.15624495832381,contains
Sadanga,Mountain Province,176.1302478845334,contains
Sagada,Mountain Province,65.02539922135567,contains
Tadian,Mountain Province,135.013418737715,contains
Boac,Marinduque,231.06957739541224,contains
Buenavista,Marinduque,76.59886152533832,contains
Gasan,Marinduque,99.28301330770877,contains
Mogpog,Marinduque,99.31306070756648,contains
Santa Cruz,Marinduque,241.88285944873795,contains
Torrijos,Marinduque,173.84367697276667,contains
Abra De Ilog,Occidental Mindoro,601.7472564818812,contains
Calintaan,Occidental Mindoro,299.5900422128241,contains
Looc,Occidental Mindoro,129.92097004562038,contains
Lubang,Occidental Mindoro,125.22086930142136,contains
Magsaysay,Occidental Mindoro,261.11945616407536,contains
Mamburao,Occidental Mindoro,320.6543069043294,contains
Paluan,Occidental Mindoro,530.043493087265,contains
Rizal,Occidental Mindoro,303.7100173068551,contains
Sablayan,Occidental Mindoro,2102.8735741813443,contains
San Jose,Occidental Mindoro,610.3161440556885,contains
Santa Cruz,Occidental Mindoro,688.9079752692091,contains
Baco,Oriental Mindoro,435.1535017585383,contains
Bansud,Oriental Mindoro,345.9503480543745,contains
Bongabong,Oriental Mindoro,395.61315533893367,contains
Bulalacao,Oriental Mindoro,352.57948166014796,contains
City of Calapan,Oriental Mindoro,185.07151307664896,contains
Gloria,Oriental Mindoro,255.30520213528754,contains
Mansalay,Oriental Mindoro,454.2054075110951,contains
Naujan,Oriental Mindoro,574.401139304072,contains
Pinamalayan,Oriental Mindoro,168.71668162091902,contains
Pola,Oriental Mindoro,168.33497004693996,contains
Puerto Galera,Oriental Mindoro,109.71162914929245,contains
Roxas,Oriental Mindoro,104.09649411086207,contains
San Teodoro,Oriental Mindoro,156.12737421860885,contains
Socorro,Oriental Mindoro,205.0588062624818,contains
Victoria,Oriental Mindoro,207.10551850872537,contains
Aborlan,Palawan,771.2448761678263,contains
Agutaya,Palawan,30.882352843248857,contains
Araceli,Palawan,173.69549904074677,contains
Balabac,Palawan,556.0634045628688,contains
Bataraza,Palawan,688.147712256092,contains
Brooke's Point,Palawan,685.2532425006564,contains
Busuanga,Palawan,404.0083971636187,contains
Cagayancillo,Palawan,12.140073154510468,contains
Coron,Palawan,692.75514942212,contains
Culion,Palawan,430.2690140630967,contains
Cuyo,Palawan,42.593304454189294,contains
Dr. Jose P. Rizal,Palawan,1271.4227476390854,contains
Dumaran,Palawan,525.5969565281938,contains
El Nido,Palawan,561.8028252039147,contains
Kalayaan,Palawan,0.3546369330971241,contains
Linapacan,Palawan,159.75739135903711,contains
Magsaysay,Palawan,47.223560034883,contains
Narra,Palawan,753.3686301918938,contains
Quezon,Palawan,935.0041437187807,contains
Roxas,Palawan,1129.695151193695,contains
San Vicente,Palawan,604.9899364821368,contains
Sofronio Española,Palawan,441.4932415946315,contains
Taytay,Palawan,1297.2321262206935,contains
Alcantara,Romblon,70.37622800574367,contains
Banton,Romblon,28.805724536353914,contains
Cajidiocan,Romblon,127.62278152475864,contains
Calatrava,Romblon,38.088387534018665,contains
Concepcion,Romblon,20.471982409466982,contains
Corcuera,Romblon,20.616896309453814,contains
Ferrol,Romblon,34.941677993460395,contains
Looc,Romblon,81.80191545346236,contains
Magdiwang,Romblon,79.26950855140268,contains
Odiongan,Romblon,136.53089792632997,contains
Romblon,Romblon,88.84766382800942,contains
San Agustin,Romblon,102.39319956449165,contains
San Andres,Romblon,102.38094323857459,contains
San Fernando,Romblon,244.4351948082651,contains
San Jose,Romblon,28.34436016902688,contains
Santa Fe,Romblon,56.866151321728196,contains
Santa Maria,Romblon,50.25096789560464,contains
Binondo,City of Manila,0.70040551377514,contains
Ermita,City of Manila,2.517033876342103,contains
Intramuros,City of Manila,1.1718051569902599,contains
Malate,City of Manila,2.811813168406099,contains
Paco,City of Manila,2.811406741464166,contains
Pandacan,City of Manila,1.6311181244629194,contains
Port Area,City of Manila,1.6594495450442284,contains
Quiapo,City of Manila,0.8978532758873999,contains
Sampaloc,City of Manila,7.822899519522503,contains
San Miguel,City of Manila,0.9082885496634543,contains
San Nicolas,City of Manila,0.878867526786536,contains
Santa Ana,City of Manila,3.4776378530043512,contains
Santa Cruz,City of Manila,3.784288189541217,contains
Tondo I/II,City of Manila,297.86405335534226,contains
Binalbagan,Negros Occidental,185.29541914193598,contains
Calatrava,Negros Occidental,287.52759140170696,contains
Candoni,Negros Occidental,295.33301080655156,contains
Cauayan,Negros Occidental,469.86160509306524,contains
City of Bago,Negros Occidental,406.5911737793101,contains
City of Cadiz,Negros Occidental,526.4211562159263,contains
City of Escalante,Negros Occidental,192.5086900922029,contains
City of Himamaylan,Negros Occidental,363.01798975651195,contains
City of Kabankalan,Negros Occidental,659.1126988500628,contains
City of La Carlota,Negros Occidental,127.27756293658393,contains
City of Sagay,Negros Occidental,292.1175855876094,contains
City of San Carlos,Negros Occidental,407.732081383877,contains
City of Silay,Negros Occidental,209.38876198906684,contains
City of Sipalay,Negros Occidental,327.1411564515985,contains
City of Talisay,Negros Occidental,193.68934078920273,contains
City of Victorias,Negros Occidental,105.47259968448915,contains
Enrique B. Magalona,Negros Occidental,139.20005812059412,contains
Hinigaran,Negros Occidental,152.75246390073434,contains
Hinoba-an,Negros Occidental,402.32590158719245,contains
Ilog,Negros Occidental,294.4204743083436,contains
Isabela,Negros Occidental,191.58301816565398,contains
La Castellana,Negros Occidental,216.05715764629454,contains
Manapla,Negros Occidental,99.80290662852015,contains
Moises Padilla,Negros Occidental,140.32575790804756,contains
Murcia,Negros Occidental,279.5738652488552,contains
Pontevedra,Negros Occidental,111.38918830144355,contains
Pulupandan,Negros Occidental,16.926049441124878,contains
Salvador Benedicto,Negros Occidental,217.41283763559463,contains
San Enrique,Negros Occidental,28.137552360448463,contains
Toboso,Negros Occidental,118.0559525828405,contains
Valladolid,Negros Occidental,40.128571028183345,contains
Amlan,Negros Oriental,59.40397781369997,contains
Ayungon,Negros Oriental,248.733462466069,contains
Bacong,Negros Oriental,40.58055331831814,contains
Basay,Negros Oriental,168.49347160110105,contains
Bindoy,Negros Oriental,156.5626455842452,contains
City of Bais,Negros Oriental,253.12701077290336,contains
City of Bayawan,Negros Oriental,700.1142740147412,contains
City of Canlaon,Negros Oriental,147.50516422430502,contains
City of Dumaguete,Negros Oriental,34.12250635887687,contains
City of Guihulngan,Negros Oriental,51.71406604205109,contains
City of Tanjay,Negros Oriental,228.48474373538255,contains
Dauin,Negros Oriental,81.08645832095932,contains
Jimalalud,Negros Oriental,154.90916970649116,contains
La Libertad,Negros Oriental,151.52631960533782,contains
Mabinay,Negros Oriental,345.0638559005373,contains
Manjuyod,Negros Oriental,127.57806939498829,contains
Pamplona,Negros Oriental,222.13656972024222,contains
San Jose,Negros Oriental,51.71406604205109,contains
Santa Catalina,Negros Oriental,414.8713931446899,contains
Siaton,Negros Oriental,427.25965010160303,contains
Sibulan,Negros Oriental,160.16774784181672,contains
Tayasan,Negros Oriental,177.00903401246876,contains
Valencia,Negros Oriental,162.58994105442977,contains
Vallehermoso,Negros Oriental,92.62754059701163,contains
Zamboanguita,Negros Oriental,153.59277719362933,contains
Enrique Villanueva,Siquijor,26.44428868128688,contains
Larena,Siquijor,41.19284090029419,contains
Lazi,Siquijor,70.54206474710323,contains
Maria,Siquijor,56.94716083551803,contains
San Juan,Siquijor,40.072791549431024,contains
Siquijor,Siquijor,84.93130661994098,contains
Adams,Ilocos Norte,111.33143500350828,contains
Bacarra,Ilocos Norte,55.4621773211818,contains
Badoc,Ilocos Norte,80.85813136236149,contains
Bangui,Ilocos Norte,115.5180987224459,contains
Banna,Ilocos Norte,90.96788974941391,contains
Burgos,Ilocos Norte,137.26377026823454,contains
Carasi,Ilocos Norte,173.1264008557136,contains
City of Batac,Ilocos Norte,80.85813136236149,contains
City of Laoag,Ilocos Norte,110.32454689631169,contains
Currimao,Ilocos Norte,33.59400709158011,contains
Dingras,Ilocos Norte,107.9596508767177,contains
Dumalneg,Ilocos Norte,66.80634684238109,contains
Marcos,Ilocos Norte,79.61877967866978,contains
Nueva Era,Ilocos Norte,608.9891323219186,contains
Pagudpud,Ilocos Norte,193.08633374450298,contains
Paoay,Ilocos Norte,69.52389868745385,contains
Pasuquin,Ilocos Norte,176.8127889146976,contains
Piddig,Ilocos Norte,123.68930627588995,contains
Pinili,Ilocos Norte,63.63586878645913,contains
San Nicolas,Ilocos Norte,42.03006945638384,contains
Sarrat,Ilocos Norte,56.68975794406402,contains
Solsona,Ilocos Norte,90.40767673588672,contains
Vintar,Ilocos Norte,530.5012328361954,contains
Alilem,Ilocos Sur,114.73430514939386,contains
Banayoyo,Ilocos Sur,25.28258055603539,contains
Bantay,Ilocos Sur,75.4812607509475,contains
Burgos,Ilocos Sur,50.87852663698292,contains
Cabugao,Ilocos Sur,112.31330568739006,contains
Caoayan,Ilocos Sur,17.592285273753394,contains
Cervantes,Ilocos Sur,243.7482792551398,contains
City of Vigan,Ilocos Sur,24.40871792393091,contains
Galimuyod,Ilocos Sur,34.3865191321418,contains
Gregorio del Pilar,Ilocos Sur,54.03328262059331,contains
Lidlidda,Ilocos Sur,33.94612996720037,contains
Magsingal,Ilocos Sur,82.3135717218821,contains
Nagbukel,Ilocos Sur,42.11897466950497,contains
Narvacan,Ilocos Sur,103.16760783814642,contains
Quirino,Ilocos Sur,182.1051973191064,contains
Salcedo,Ilocos Sur,82.78005254603387,contains
San Emilio,Ilocos Sur,151.54112269328266,contains
San Esteban,Ilocos Sur,17.264968115043498,contains
San Ildefonso,Ilocos Sur,11.930105131795665,contains
San Juan,Ilocos Sur,68.3607649858987,contains
San Vicente,Ilocos Sur,13.23093263514312,contains
Santa,Ilocos Sur,58.759679172898466,contains
Santa Catalina,Ilocos Sur,8.885009924596696,contains
Santa Cruz,Ilocos Sur,91.83481144303911,contains
Santa Lucia,Ilocos Sur,44.36668651135706,contains
Santa Maria,Ilocos Sur,56.43995497891576,contains
Santiago,Ilocos Sur,47.88373197733167,contains
Santo Domingo,Ilocos Sur,48.590162704139516,contains
Sigay,Ilocos Sur,91.91953994112133,contains
Sinait,Ilocos Sur,68.83473919833727,contains
Sugpon,Ilocos Sur,106.22445449601136,contains
Suyo,Ilocos Sur,163.4528293969578,contains
Tagudin,Ilocos Sur,58.890197441034466,contains
Agoo,La Union,48.23864593297721,contains
Aringay,La Union,96.88675170482182,contains
Bacnotan,La Union,76.3609034693519,contains
Bagulin,La Union,90.5315902180279,contains
Balaoan,La Union,61.96347949810348,contains
Bangar,La Union,35.04241533815283,contains
Bauang,La Union,75.92950147478453,contains
Burgos,La Union,36.4358242874739,contains
Caba,La Union,46.96381420101866,contains
City of San Fernando,La Union,99.2309741176546,contains
Luna,La Union,40.411484532840994,contains
Naguilian,La Union,102.27056779513313,contains
Pugo,La Union,51.9738437108292,contains
Rosario,La Union,78.35936688781632,contains
San Gabriel,La Union,122.20425917653343,contains
San Juan,La Union,50.762406909541475,contains
Santo Tomas,La Union,41.28611268135628,contains
Santol,La Union,114.00450638503355,contains
Sudipen,La Union,89.85675283131566,contains
Tubao,La Union,54.2660941372841,contains
Agno,Pangasinan,165.85237157540243,contains
Aguilar,Pangasinan,157.6054399095069,contains
Alcala,Pangasinan,58.4926361759619,contains
Anda,Pangasinan,77.44924018487153,contains
Asingan,Pangasinan,78.76486297296499,contains
Balungao,Pangasinan,68.56695520355953,contains
Bani,Pangasinan,181.96262984606105,contains
Basista,Pangasinan,25.61599199195741,contains
Bautista,Pangasinan,41.13395972269375,contains
Bayambang,Pangasinan,136.6952433833667,contains
Binalonan,Pangasinan,56.39933675632519,contains
Binmaley,Pangasinan,63.82485517208575,contains
Bolinao,Pangasinan,206.0570804522211,contains
Bugallon,Pangasinan,178.73411530231195,contains
Burgos,Pangasinan,115.30125938745887,contains
Calasiao,Pangasinan,47.669131936241996,contains
City of Dagupan,Pangasinan,95.35457912275746,contains
City of San Carlos,Pangasinan,178.73411530231195,contains
City of Urdaneta,Pangasinan,95.35457912275746,contains
Dasol,Pangasinan,177.66969374537032,contains
Infanta,Pangasinan,192.81104672345464,contains
Labrador,Pangasinan,103.1944279103373,contains
Laoac,Pangasinan,41.62066233435194,contains
Lingayen,Pangasinan,71.4921021020556,contains
Mabini,Pangasinan,256.66007622619236,contains
Malasiqui,Pangasinan,138.35395960747695,contains
Manaoag,Pangasinan,51.968422852105746,contains
Mangaldan,Pangasinan,48.3922586348328,contains
Mangatarem,Pangasinan,308.53152037669656,contains
Mapandan,Pangasinan,20.505977752188073,contains
Natividad,Pangasinan,93.96903097857955,contains
Pozorrubio,Pangasinan,70.4869650885554,contains
Rosales,Pangasinan,72.25531790146454,contains
San Fabian,Pangasinan,75.79141826981005,contains
San Jacinto,Pangasinan,42.326417226267154,contains
San Manuel,Pangasinan,137.6437317573405,contains
San Nicolas,Pangasinan,225.13302913871271,contains
San Quintin,Pangasinan,85.96986525648786,contains
Santa Barbara,Pangasinan,62.17038674509815,contains
Santa Maria,Pangasinan,46.709315174629516,contains
Santo Tomas,Pangasinan,12.383589690176786,contains
Sison,Pangasinan,154.56592843029998,contains
Sual,Pangasinan,132.90252942654948,contains
Tayug,Pangasinan,43.925698071465966,contains
Umingan,Pangasinan,258.4746532143258,contains
Urbiztondo,Pangasinan,40.43506133628507,contains
Villasis,Pangasinan,80.7172382019232,contains
Basco,Batanes,33.487350001225956,contains
Itbayat,Batanes,89.39507140001457,contains
Ivana,Batanes,14.57101333158034,contains
Mahatao,Batanes,11.57894714074321,contains
Sabtang,Batanes,40.897253220965624,contains
Uyugan,Batanes,11.411594607652694,contains
Abulug,Cagayan,132.6592870309214,contains
Alcala,Cagayan,180.23131976499027,contains
Allacapan,Cagayan,230.8056159240042,contains
Amulung,Cagayan,287.61633259245326,contains
Aparri,Cagayan,260.90332827548076,contains
Baggao,Cagayan,927.2771040747621,contains
Ballesteros,Cagayan,129.67298501356015,contains
Buguey,Cagayan,129.79431853647364,contains
Calayan,Cagayan,502.79795396685324,contains
Camalaniugan,Cagayan,89.17156390479617,contains
Claveria,Cagayan,128.93160964430177,contains
Enrile,Cagayan,152.39310650796853,contains
Gattaran,Cagayan,638.7076342949564,contains
Gonzaga,Cagayan,527.6190288066041,contains
Iguig,Cagayan,77.99035798804947,contains
Lal-Lo,Cagayan,641.7776325779306,contains
Lasam,Cagayan,207.10327665597868,contains
Pamplona,Cagayan,213.08960693371492,contains
Peñablanca,Cagayan,1138.2903907571808,contains
Piat,Cagayan,131.6908258274253,contains
Rizal,Cagayan,339.5461091425985,contains
Sanchez-Mira,Cagayan,137.92715275822016,contains
Santa Ana,Cagayan,435.646409377665,contains
Santa Praxedes,Cagayan,86.46863752455826,contains
Santa Teresita,Cagayan,127.4286751979328,contains
Santo Niño,Cagayan,361.8404697549992,contains
Solana,Cagayan,273.0871254060258,contains
Tuao,Cagayan,187.89632658721192,contains
Tuguegarao City,Cagayan,119.87038520499486,contains
Alicia,Isabela,158.3800224835535,contains
Angadanan,Isabela,194.72317518915509,contains
Aurora,Isabela,75.20987770390943,contains
Benito Soliven,Isabela,176.15668123140532,contains
Burgos,Isabela,77.09372681769364,contains
Cabagan,Isabela,308.8231647801848,contains
Cabatuan,Isabela,63.90894280322878,contains
City of Cauayan,Isabela,336.5219437898518,contains
City of Ilagan,Isabela,962.6177882543382,contains
City of Santiago,Isabela,151.75549185519822,contains
Cordon,Isabela,224.71246394065147,contains
Delfin Albano,Isabela,177.87098258386683,contains
Dinapigue,Isabela,952.8219833154063,contains
Divilacan,Isabela,529.2681555101502,contains
Echague,Isabela,443.8085462787751,contains
Gamu,Isabela,96.7072439748408,contains
Jones,Isabela,465.60046437529996,contains
Luna,Isabela,45.50428858578085,contains
Maconacon,Isabela,464.62990402647387,contains
Mallig,Isabela,116.1068463482767,contains
Naguilian,Isabela,163.67400312841218,contains
Palanan,Isabela,374.5773842566344,contains
Quezon,Isabela,216.63366376375106,contains
Quirino,Isabela,125.59005756290901,contains
Ramon,Isabela,126.26352522505843,contains
Reina Mercedes,Isabela,51.74613277932488,contains
Roxas,Isabela,118.9738511158743,contains
San Agustin,Isabela,188.9661137851724,contains
San Guillermo,Isabela,385.9804288343112,contains
San Isidro,Isabela,64.58878690515576,contains
San Manuel,Isabela,103.64257691826329,contains
San Mariano,Isabela,1398.0823340702796,contains
San Mateo,Isabela,110.24451423258668,contains
San Pablo,Isabela,450.2456429667982,contains
Santa Maria,Isabela,119.12363613514093,contains
Santo Tomas,Isabela,76.96565957932502,contains
Tumauini,Isabela,399.88460602780026,contains
Alfonso Castaneda,Nueva Vizcaya,466.0513178097695,contains
Ambaguio,Nueva Vizcaya,177.47790198723555,contains
Aritao,Nueva Vizcaya,291.71462361673036,contains
Bagabag,Nueva Vizcaya,146.6801662046386,contains
Bambang,Nueva Vizcaya,229.574260520967,contains
Bayombong,Nueva Vizcaya,142.65899840320515,contains
Diadi,Nueva Vizcaya,210.60090305306687,contains
Dupax del Norte,Nueva Vizcaya,297.96241729911964,contains
Dupax del Sur,Nueva Vizcaya,412.5385849706092,contains
Kasibu,Nueva Vizcaya,616.8922151402173,contains
Kayapa,Nueva Vizcaya,517.807863860189,contains
Quezon,Nueva Vizcaya,212.2424594738714,contains
Santa Fe,Nueva Vizcaya,247.45158414004362,contains
Solano,Nueva Vizcaya,88.60404153342354,contains
Villaverde,Nueva Vizcaya,67.9167723666983,contains
Aglipay,Quirino,280.0485827695997,contains
Cabarroguis,Quirino,188.92350291851864,contains
Diffun,Quirino,287.9260537512958,contains
Maddela,Quirino,769.9200928284187,contains
Nagtipunan,Quirino,1189.781935237618,contains
Saguday,Quirino,50.06697614099259,contains
Baler,Aurora,99.70879999892676,contains
Casiguran,Aurora,421.33029090287425,contains
Dilasag,Aurora,495.8065946634444,contains
Dinalungan,Aurora,326.4360635396727,contains
Dingalan,Aurora,354.8021357570028,contains
Dipaculao,Aurora,401.27930558319,contains
Maria Aurora,Aurora,335.35541489924515,contains
San Luis,Aurora,598.8369403012882,contains
Abucay,Bataan,77.01905410358626,contains
Bagac,Bataan,189.17790297231545,contains
City of Balanga,Bataan,89.70847699449072,contains
Dinalupihan,Bataan,75.29533562484978,contains
Hermosa,Bataan,149.11165778454964,contains
Limay,Bataan,60.74870431472444,contains
Mariveles,Bataan,194.58764010485095,contains
Morong,Bataan,173.65135067385094,contains
Orani,Bataan,53.776173699333455,contains
Orion,Bataan,89.73259446392966,contains
Pilar,Bataan,45.2941104679371,contains
Samal,Bataan,47.41437367299276,contains
Angat,Bulacan,49.5421106074459,contains
Balagtas,Bulacan,21.427195631467743,contains
Bocaue,Bulacan,26.578805297964102,contains
Bulacan,Bulacan,71.13200502710124,contains
Bustos,Bulacan,39.83306283273162,contains
Calumpit,Bulacan,46.46773772240819,contains
City of Baliwag,Bulacan,45.800203230667776,contains
City of Malolos,Bulacan,71.13200502710124,contains
City of Meycauayan,Bulacan,31.58469316314923,contains
City of San Jose Del Monte,Bulacan,107.7019857571288,contains
Doña Remedios Trinidad,Bulacan,990.868868689939,contains
Guiguinto,Bulacan,22.22255574017725,contains
Hagonoy,Bulacan,83.36614626326704,contains
Marilao,Bulacan,28.25294759829994,contains
Norzagaray,Bulacan,297.86405335534226,contains
Obando,Bulacan,16.306158304068134,contains
Pandi,Bulacan,50.36012648918799,contains
Paombong,Bulacan,44.94520185258032,contains
Plaridel,Bulacan,35.87682909852698,contains
Pulilan,Bulacan,42.67724513288231,contains
San Ildefonso,Bulacan,166.91198598462043,contains
San Miguel,Bulacan,231.91655972863012,contains
San Rafael,Bulacan,101.60070114118295,contains
Santa Maria,Bulacan,79.07228573707077,contains
Aliaga,Nueva Ecija,95.03171989165543,contains
Bongabon,Nueva Ecija,215.2089170542979,contains
Cabiao,Nueva Ecija,112.4370199075613,contains
Carranglan,Nueva Ecija,734.2028110053051,contains
City of Cabanatuan,Nueva Ecija,189.37189849496366,contains
City of Gapan,Nueva Ecija,171.88454475906244,contains
City of Palayan,Nueva Ecija,131.2440480627138,contains
Cuyapo,Nueva Ecija,178.5651087551873,contains
Gabaldon,Nueva Ecija,367.6337483900802,contains
General Mamerto Natividad,Nueva Ecija,108.56140391998542,contains
General Tinio,Nueva Ecija,562.9167976930172,contains
Guimba,Nueva Ecija,215.17588126444392,contains
Jaen,Nueva Ecija,98.13599908360393,contains
Laur,Nueva Ecija,155.90843941878484,contains
Licab,Nueva Ecija,64.3727316434925,contains
Llanera,Nueva Ecija,100.19217722963235,contains
Lupao,Nueva Ecija,116.93552315747816,contains
Nampicuan,Nueva Ecija,46.424427277603904,contains
Pantabangan,Nueva Ecija,419.7193509025423,contains
Peñaranda,Nueva Ecija,63.43182584926722,contains
Quezon,Nueva Ecija,64.16513982134957,contains
Rizal,Nueva Ecija,134.6110371864757,contains
San Antonio,Nueva Ecija,180.99203738714672,contains
San Isidro,Nueva Ecija,47.80874829639587,contains
San Jose City,Nueva Ecija,192.16600525707054,contains
San Leonardo,Nueva Ecija,50.64889321274658,contains
Santa Rosa,Nueva Ecija,107.26304633652684,contains
Santo Domingo,Nueva Ecija,86.2402011370447,contains
Science City of Muñoz,Nueva Ecija,129.18179809750598,contains
Talavera,Nueva Ecija,131.67219777894454,contains
Talugtug,Nueva Ecija,106.65699443757394,contains
Zaragoza,Nueva Ecija,77.64901202256813,contains
Apalit,Pampanga,57.82184673933654,contains
Arayat,Pampanga,187.14946274117864,contains
Bacolor,Pampanga,83.47731484225491,contains
Candaba,Pampanga,208.35307855685573,contains
City of San Fernando,Pampanga,70.01802264784716,contains
Floridablanca,Pampanga,135.25774639289352,contains
Guagua,Pampanga,44.4362741437775,contains
Lubao,Pampanga,164.85556551907618,contains
Mabalacat City,Pampanga,121.19618549859973,contains
Macabebe,Pampanga,89.97303487959668,contains
Magalang,Pampanga,97.04101376642193,contains
Masantol,Pampanga,67.63904779794609,contains
Mexico,Pampanga,124.14443519659835,contains
Minalin,Pampanga,52.11653375076853,contains
Porac,Pampanga,297.32721296446203,contains
San Luis,Pampanga,48.06404925368305,contains
San Simon,Pampanga,55.26173906043881,contains
Santa Ana,Pampanga,37.182543975114385,contains
Santa Rita,Pampanga,21.746157374171315,contains
Sasmuan,Pampanga,40.226500345698014,contains
Sto. Tomas,Pampanga,13.809426326405845,contains
Anao,Tarlac,25.28337236692257,contains
Bamban,Tarlac,207.77565335627307,contains
Camiling,Tarlac,131.22023116546154,contains
Capas,Tarlac,446.31239642635035,contains
City of Tarlac,Tarlac,262.4620417349267,contains
Concepcion,Tarlac,213.0882021163503,contains
Gerona,Tarlac,122.62450966650401,contains
La Paz,Tarlac,115.57557879153113,contains
Mayantoc,Tarlac,240.57101739874798,contains
Moncada,Tarlac,102.10211395873212,contains
Paniqui,Tarlac,106.51227315584859,contains
Pura,Tarlac,31.97964132626012,contains
Ramos,Tarlac,25.78964976450005,contains
San Clemente,Tarlac,71.13917890106696,contains
San Jose,Tarlac,595.4902511406501,contains
San Manuel,Tarlac,32.88351273578661,contains
Santa Ignacia,Tarlac,131.0746575158063,contains
Victoria,Tarlac,109.59092313891605,contains
Botolan,Zambales,668.1535163568557,contains
Cabangan,Zambales,205.72421496938534,contains
Candelaria,Zambales,424.3027261297323,contains
Castillejos,Zambales,104.28332220594585,contains
Iba,Zambales,140.98619297878398,contains
Masinloc,Zambales,248.50800149806034,contains
Palauig,Zambales,307.9251855496195,contains
San Antonio,Zambales,168.24242450060436,contains
San Felipe,Zambales,114.37495496908144,contains
San Marcelino,Zambales,425.60294579816343,contains
San Narciso,Zambales,73.31053863901391,contains
Santa Cruz,Zambales,459.5409211511877,contains
Subic,Zambales,247.5434853255983,contains
Agoncillo,Batangas,48.98185316437008,contains
Alitagtag,Batangas,25.47354065084714,contains
Balayan,Batangas,93.32070641398613,contains
Balete,Batangas,24.785800938836523,contains
Batangas City,Batangas,274.83024042772126,contains
Bauan,Batangas,53.22312563746445,contains
Calatagan,Batangas,106.2219388626369,contains
City of Calaca,Batangas,115.0551575701933,contains
City of Lipa,Batangas,274.83024042772126,contains
City of Sto. Tomas,Batangas,89.11132680971345,contains
City of Tanauan,Batangas,111.85825826995257,contains
Cuenca,Batangas,30.306038871589084,contains
Ibaan,Batangas,70.39822964159535,contains
Laurel,Batangas,74.05804991854843,contains
Lemery,Batangas,72.00274531782973,contains
Lian,Batangas,83.62517829526476,contains
Lobo,Batangas,192.59888542087327,contains
Mabini,Batangas,39.667190525370714,contains
Malvar,Batangas,34.304499488611356,contains
Mataasnakahoy,Batangas,19.293373993164703,contains
Nasugbu,Batangas,266.61802570800626,contains
Padre Garcia,Batangas,39.16010227413132,contains
Rosario,Batangas,199.0392568705048,contains
San Jose,Batangas,58.030917070307716,contains
San Juan,Batangas,237.28469536998887,contains
San Luis,Batangas,37.702724441230835,contains
San Nicolas,Batangas,21.384236421036043,contains
San Pascual,Batangas,35.177334908872616,contains
Santa Teresita,Batangas,15.584784087779914,contains
Taal,Batangas,26.84214535622984,contains
Talisay,Batangas,59.18123218700719,contains
Taysan,Batangas,92.55540451590339,contains
Tingloy,Batangas,32.80585415952952,contains
Tuy,Batangas,93.36566506419054,contains
Alfonso,Cavite,70.23041189231738,contains
Amadeo,Cavite,36.05503398430997,contains
City of Bacoor,Cavite,48.97619124441534,contains
City of Carmona,Cavite,24.1308856758547,contains
City of Cavite,Cavite,54.79340201958862,contains
City of Dasmariñas,Cavite,89.88985483119627,contains
City of General Trias,Cavite,7.939477757920831,contains
City of Imus,Cavite,50.54728949402331,contains
City of Tagaytay,Cavite,54.79340201958862,contains
City of Trece Martires,Cavite,45.918462180625596,contains
Gen. Mariano Alvarez,Cavite,8.820492765181504,contains
General Emilio Aguinaldo,Cavite,40.74219262176657,contains
Indang,Cavite,89.08435754240053,contains
Kawit,Cavite,15.716171668991397,contains
Magallanes,Cavite,65.9210339783481,contains
Maragondon,Cavite,141.69461185220027,contains
Mendez,Cavite,14.764166447607845,contains
Naic,Cavite,70.84828871971709,contains
Noveleta,Cavite,5.283247159317391,contains
Rosario,Cavite,7.939477757920831,contains
Silang,Cavite,143.28452914319956,contains
Tanza,Cavite,74.73568452258475,contains
Ternate,Cavite,46.445133036554694,contains
Alaminos,Laguna,59.7855524449552,contains
Bay,Laguna,38.39370804071681,contains
Calauan,Laguna,74.92520949493247,contains
Cavinti,Laguna,116.44600619322726,contains
City of Biñan,Laguna,37.63373226659586,contains
City of Cabuyao,Laguna,47.2368860041522,contains
City of Calamba,Laguna,139.81382771573004,contains
City of San Pablo,Laguna,185.98632424960812,contains
City of San Pedro,Laguna,23.937556066262665,contains
City of Santa Rosa,Laguna,56.27358089280075,contains
Famy,Laguna,33.537350174040355,contains
Kalayaan,Laguna,53.758689184012205,contains
Liliw,Laguna,42.98304137811197,contains
Los Baños,Laguna,55.48302804657751,contains
Luisiana,Laguna,74.79594923309308,contains
Lumban,Laguna,82.50240929602744,contains
Mabitac,Laguna,47.7234321076756,contains
Magdalena,Laguna,32.50207049329313,contains
Majayjay,Laguna,60.224428851944005,contains
Nagcarlan,Laguna,75.42402771286035,contains
Paete,Laguna,48.25259205413845,contains
Pagsanjan,Laguna,28.44963180216543,contains
Pakil,Laguna,47.7025132360006,contains
Pangil,Laguna,50.189186085808615,contains
Pila,Laguna,25.688584459017566,contains
Rizal,Laguna,23.654723782698394,contains
Santa Cruz,Laguna,37.15943785504547,contains
Santa Maria,Laguna,108.48401775941896,contains
Siniloan,Laguna,54.626026781035286,contains
Victoria,Laguna,29.316166318795734,contains
Agdangan,Quezon,35.7636380363083,contains
Alabat,Quezon,60.469313992284604,contains
Atimonan,Quezon,221.37568562349895,contains
Buenavista,Quezon,171.41423444716915,contains
Burdeos,Quezon,264.4609982337354,contains
Calauag,Quezon,312.74460504428004,contains
Candelaria,Quezon,136.93566679772533,contains
Catanauan,Quezon,253.5762994764408,contains
City of Tayabas,Quezon,224.96575324904578,contains
Dolores,Quezon,66.05412035195164,contains
General Luna,Quezon,100.14927200450724,contains
General Nakar,Quezon,1321.865010872974,contains
Guinayangan,Quezon,225.77614356165722,contains
Gumaca,Quezon,185.19128896928075,contains
Infanta,Quezon,172.26763569346497,contains
Jomalig,Quezon,51.51871820127057,contains
Lopez,Quezon,377.20638096286814,contains
Lucban,Quezon,138.2549461004527,contains
Macalelon,Quezon,104.01179327917939,contains
Mauban,Quezon,409.52158103256806,contains
Mulanay,Quezon,276.38500505699557,contains
Padre Burgos,Quezon,75.87947318489654,contains
Pagbilao,Quezon,175.20124857784018,contains
Panukulan,Quezon,179.16656320532263,contains
Patnanungan,Quezon,95.6638621589987,contains
Perez,Quezon,52.425593831932076,contains
Pitogo,Quezon,79.58588909946924,contains
Plaridel,Quezon,18.44357800872192,contains
Polillo,Quezon,235.0505019888692,contains
Quezon,Quezon,75.50276879557244,contains
Real,Quezon,350.67662117041493,contains
Sampaloc,Quezon,81.33142344274238,contains
San Andres,Quezon,175.2785185757433,contains
San Antonio,Quezon,62.390826300644015,contains
San Francisco,Quezon,316.5210321938589,contains
San Narciso,Quezon,242.39847824552868,contains
Sariaya,Quezon,214.19703068853315,contains
Tagkawayan,Quezon,551.5673502890864,contains
Tiaong,Quezon,119.20154456637611,contains
Unisan,Quezon,107.41090611428726,contains
Angono,Rizal,14.560796099820003,contains
Baras,Rizal,53.85053449326493,contains
Binangonan,Rizal,54.07070116421854,contains
Cainta,Rizal,20.944861578847537,contains
Cardona,Rizal,24.136488753388136,contains
City of Antipolo,Rizal,263.54786893828475,contains
Jala-Jala,Rizal,43.8894338767088,contains
Morong,Rizal,34.59873038555369,contains
Pililla,Rizal,66.53127691046879,contains
Rodriguez,Rizal,234.8549902976194,contains
San Mateo,Rizal,57.452737160204386,contains
Tanay,Rizal,283.8224363062293,contains
Taytay,Rizal,28.378044526561304,contains
Teresa,Rizal,19.813125365361625,contains
City of Isabela,City of Isabela (Not a Province),219.26165747597656,contains
Hadji Panglima Tahil,Sulu,29.273863977723536,contains
Indanan,Sulu,102.94156921517092,contains
Jolo,Sulu,2.9581501362393574,contains
Kalingalan Caluang,Sulu,65.2373888095304,contains
Lugus,Sulu,36.617578126112015,contains
Luuk,Sulu,85.03040040363254,contains
Maimbung,Sulu,44.82444305219384,contains
Old Panamao,Sulu,64.29195188272276,contains
Omar,Sulu,86.07211273021979,contains
Pandami,Sulu,67.72578554696472,contains
Panglima Estino,Sulu,32.95711620125175,contains
Pangutaran,Sulu,188.10485796800987,contains
Parang,Sulu,69.14311029812347,contains
Pata,Sulu,57.54138908176157,contains
Patikul,Sulu,140.52619898530884,contains
Siasi,Sulu,81.8575185785379,contains
Talipao,Sulu,169.84074705093875,contains
Tapul,Sulu,55.67089630552854,contains
Tongkil,Sulu,127.37988132291746,contains
Alicia,Zamboanga Sibugay,145.919435281017,contains
Buug,Zamboanga Sibugay,153.24283199662784,contains
Diplahan,Zamboanga Sibugay,124.57298317617833,contains
Imelda,Zamboanga Sibugay,84.84098033946717,contains
Ipil,Zamboanga Sibugay,158.27167871177835,contains
Kabasalan,Zamboanga Sibugay,321.1442640840413,contains
Mabuhay,Zamboanga Sibugay,79.61238528823665,contains
Malangas,Zamboanga Sibugay,120.3516195068526,contains
Naga,Zamboanga Sibugay,151.29222993874632,contains
Olutanga,Zamboanga Sibugay,65.07492892679048,contains
Payao,Zamboanga Sibugay,191.7574287789506,contains
Roseller Lim,Zamboanga Sibugay,211.078352539467,contains
Siay,Zamboanga Sibugay,227.89835309463874,contains
Talusan,Zamboanga Sibugay,46.25407895833834,contains
Titay,Zamboanga Sibugay,297.75416035217,contains
Tungawan,Zamboanga Sibugay,343.7358523407061,contains
Baliguian,Zamboanga del Norte,392.08993651698904,contains
City of Dapitan,Zamboanga del Norte,219.93722963313388,contains
City of Dipolog,Zamboanga del Norte,118.49911841714243,contains
Godod,Zamboanga del Norte,237.70846672738767,contains
Gutalac,Zamboanga del Norte,398.3898905383928,contains
Jose Dalman,Zamboanga del Norte,134.63935063847885,contains
Kalawit,Zamboanga del Norte,248.64712745054194,contains
Katipunan,Zamboanga del Norte,232.97214194997446,contains
La Libertad,Zamboanga del Norte,55.19842584278028,contains
Labason,Zamboanga del Norte,159.31553807575423,contains
Leon T. Postigo,Zamboanga del Norte,250.84251334691675,contains
Liloy,Zamboanga del Norte,122.67728909841726,contains
Manukan,Zamboanga del Norte,146.6869570530571,contains
Mutia,Zamboanga del Norte,88.04462742376985,contains
Piñan,Zamboanga del Norte,123.47806928282051,contains
Polanco,Zamboanga del Norte,160.9417740915686,contains
Pres. Manuel A. Roxas,Zamboanga del Norte,445.2705744151288,contains
Rizal,Zamboanga del Norte,67.18721129848996,contains
Salug,Zamboanga del Norte,144.6918832503942,contains
Sergio Osmeña Sr.,Zamboanga del Norte,371.0032704571897,contains
Siayan,Zamboanga del Norte,481.8373221816467,contains
Sibuco,Zamboanga del Norte,598.8264691873294,contains
Sibutad,Zamboanga del Norte,68.60878744816475,contains
Sindangan,Zamboanga del Norte,445.2705744151288,contains
Siocon,Zamboanga del Norte,372.5039698497638,contains
Sirawai,Zamboanga del Norte,269.7826818629423,contains
Tampilisan,Zamboanga del Norte,144.58822205784642,contains
Aurora,Zamboanga del Sur,160.6504473296233,contains
Bayog,Zamboanga del Sur,265.0825649352928,contains
City of Pagadian,Zamboanga del Sur,274.62853937404,contains
Dimataling,Zamboanga del Sur,110.14291221540388,contains
Dinas,Zamboanga del Sur,165.96097750017785,contains
Dumalinao,Zamboanga del Sur,127.32706056694306,contains
Dumingag,Zamboanga del Sur,303.5670070036198,contains
Guipos,Zamboanga del Sur,96.81102068674531,contains
Josefina,Zamboanga del Sur,52.311397267903345,contains
Kumalarang,Zamboanga del Sur,134.3170633535734,contains
Labangan,Zamboanga del Sur,160.00484626794085,contains
Lakewood,Zamboanga del Sur,203.10760366937527,contains
Lapuyan,Zamboanga del Sur,156.43484334757338,contains
Mahayag,Zamboanga del Sur,185.0709825985775,contains
Margosatubig,Zamboanga del Sur,84.32659024341706,contains
Midsalip,Zamboanga del Sur,280.39595063703507,contains
Molave,Zamboanga del Sur,106.6980534903547,contains
Pitogo,Zamboanga del Sur,74.19306395624612,contains
Ramon Magsaysay,Zamboanga del Sur,97.34020879161031,contains
San Miguel,Zamboanga del Sur,92.47381617458242,contains
San Pablo,Zamboanga del Sur,102.95615081962174,contains
Sominot,Zamboanga del Sur,112.53971024181178,contains
Tabina,Zamboanga del Sur,67.370743224106,contains
Tambulig,Zamboanga del Sur,138.18333133558485,contains
Tigbao,Zamboanga del Sur,124.18556849253828,contains
Tukuran,Zamboanga del Sur,129.95450768817545,contains
Vincenzo A. Sagun,Zamboanga del Sur,62.028614258488396,contains
Bacacay,Albay,119.21877139636254,contains
Camalig,Albay,131.95160781698286,contains
City of Legazpi,Albay,158.1187999820771,contains
City of Ligao,Albay,118.7429915575296,contains
City of Tabaco,Albay,118.7429915575296,contains
Daraga,Albay,124.12336665458584,contains
Guinobatan,Albay,175.39421771561854,contains
Jovellar,Albay,80.72752143133539,contains
Libon,Albay,223.60771833086028,contains
Malilipot,Albay,43.42238972066808,contains
Malinao,Albay,109.38005033326549,contains
Manito,Albay,94.08132096531266,contains
Oas,Albay,245.68646783587823,contains
Pio Duran,Albay,140.57012035294773,contains
Polangui,Albay,123.2078357437994,contains
Rapu-Rapu,Albay,154.38019665737957,contains
Santo Domingo,Albay,54.85696132658857,contains
Tiwi,Albay,127.08380773270369,contains
Basud,Camarines Norte,265.8019098982048,contains
Capalonga,Camarines Norte,253.52838697467047,contains
Daet,Camarines Norte,50.21795513666639,contains
Jose Panganiban,Camarines Norte,176.16191007658995,contains
Labo,Camarines Norte,628.6448388656923,contains
Mercedes,Camarines Norte,118.0074119137055,contains
Paracale,Camarines Norte,157.96864398167793,contains
San Lorenzo Ruiz,Camarines Norte,90.12196190357453,contains
San Vicente,Camarines Norte,52.06938647908985,contains
Santa Elena,Camarines Norte,202.74946892365227,contains
Talisay,Camarines Norte,31.974830287623995,contains
Vinzons,Camarines Norte,94.76042083995057,contains
Baao,Camarines Sur,108.11461608007349,contains
Balatan,Camarines Sur,58.04490654828695,contains
Bato,Camarines Sur,83.69216509145332,contains
Bombon,Camarines Sur,30.330376480446894,contains
Buhi,Camarines Sur,204.5156626288276,contains
Bula,Camarines Sur,164.99823590982513,contains
Cabusao,Camarines Sur,37.377304315964004,contains
Calabanga,Camarines Sur,151.51324848451074,contains
Camaligan,Camarines Sur,6.28669458131148,contains
Canaman,Camarines Sur,41.82868306205532,contains
Caramoan,Camarines Sur,273.87433072215237,contains
City of Iriga,Camarines Sur,138.85369863888795,contains
City of Naga,Camarines Sur,80.06624638462318,contains
Del Gallego,Camarines Sur,213.85342674570597,contains
Gainza,Camarines Sur,16.036160664117318,contains
Garchitorena,Camarines Sur,245.26081738086236,contains
Goa,Camarines Sur,185.27120529226406,contains
Lagonoy,Camarines Sur,384.19946666116505,contains
Libmanan,Camarines Sur,368.0902120345391,contains
Lupi,Camarines Sur,198.35110694946354,contains
Magarao,Camarines Sur,37.660263344731796,contains
Milaor,Camarines Sur,32.921604566033466,contains
Minalabac,Camarines Sur,127.38511028523999,contains
Nabua,Camarines Sur,86.03870096337211,contains
Ocampo,Camarines Sur,118.55759715848059,contains
Pamplona,Camarines Sur,65.75158117820708,contains
Pasacao,Camarines Sur,134.8953338451293,contains
Pili,Camarines Sur,123.50649987645795,contains
Presentacion,Camarines Sur,154.01389351652097,contains
Ragay,Camarines Sur,378.9626674578819,contains
Sagñay,Camarines Sur,103.1216774393217,contains
San Fernando,Camarines Sur,84.17012400385401,contains
San Jose,Camarines Sur,52.09969100802396,contains
Sipocot,Camarines Sur,253.36845970178797,contains
Siruma,Camarines Sur,129.20768997825758,contains
Tigaon,Camarines Sur,78.12455673581086,contains
Tinambac,Camarines Sur,329.2636126404279,contains
Bagamanoc,Catanduanes,68.82351988081399,contains
Baras,Catanduanes,71.82367150457242,contains
Bato,Catanduanes,52.25366405659487,contains
Caramoran,Catanduanes,281.7625988225088,contains
Gigmoto,Catanduanes,105.94759772649228,contains
Pandan,Catanduanes,106.48459326553396,contains
Panganiban,Catanduanes,50.30564964535067,contains
San Andres,Catanduanes,179.5322973188172,contains
San Miguel,Catanduanes,243.17930358480692,contains
Viga,Catanduanes,168.33523828468321,contains
Virac,Catanduanes,134.08494626175244,contains
Aroroy,Masbate,456.29551248877095,contains
Baleno,Masbate,155.0877014740726,contains
Balud,Masbate,209.72436902055063,contains
Batuan,Masbate,52.99795532413459,contains
Cataingan,Masbate,185.44025197348788,contains
Cawayan,Masbate,268.18151022283524,contains
City of Masbate,Masbate,290.88470046219413,contains
Claveria,Masbate,170.78576825152678,contains
Dimasalang,Masbate,81.37132119688,contains
Esperanza,Masbate,70.48018195674281,contains
Mandaon,Masbate,321.72134797382193,contains
Milagros,Masbate,479.17259510442386,contains
Mobo,Masbate,150.3461948828035,contains
Monreal,Masbate,89.2559763756265,contains
Palanas,Masbate,130.73220557840165,contains
Pio V. Corpus,Masbate,90.80452561478492,contains
Placer,Masbate,198.9487809981081,contains
San Fernando,Masbate,78.41310974439556,contains
San Jacinto,Masbate,107.5429488551346,contains
San Pascual,Masbate,256.78905582177003,contains
Uson,Masbate,235.06192066852142,contains
Barcelona,Sorsogon,59.26277193408957,contains
Bulan,Sorsogon,200.290871465073,contains
Bulusan,Sorsogon,88.96779999698725,contains
Casiguran,Sorsogon,87.87916125571105,contains
Castilla,Sorsogon,194.95939738616312,contains
City of Sorsogon,Sorsogon,281.3185184740645,contains
Donsol,Sorsogon,153.297931336801,contains
Gubat,Sorsogon,103.7565375004916,contains
Irosin,Sorsogon,134.33803871302032,contains
Juban,Sorsogon,122.6636014987734,contains
Magallanes,Sorsogon,111.38412520450768,contains
Matnog,Sorsogon,138.38984586780094,contains
Pilar,Sorsogon,201.47155526891694,contains
Prieto Diaz,Sorsogon,56.0665642905186,contains
Santa Magdalena,Sorsogon,52.432993010608534,contains
Altavas,Aklan,94.78890047233821,contains
Balete,Aklan,118.20150229981655,contains
Banga,Aklan,64.4241081617935,contains
Batan,Aklan,83.58432960654989,contains
Buruanga,Aklan,69.66538174331113,contains
Ibajay,Aklan,148.5361919646711,contains
Kalibo,Aklan,39.81255824412857,contains
Lezo,Aklan,19.843119775010912,contains
Libacao,Aklan,177.56690150848107,contains
Madalag,Aklan,291.3596783452198,contains
Makato,Aklan,60.24744980362457,contains
Malay,Aklan,72.40448411534614,contains
Malinao,Aklan,209.72591808472671,contains
Nabas,Aklan,87.49492787586367,contains
New Washington,Aklan,55.37940523663016,contains
Numancia,Aklan,24.02551977193506,contains
Tangalan,Aklan,67.74111684017234,contains
Anini-Y,Antique,50.93775955664458,contains
Barbaza,Antique,176.48638955037435,contains
Belison,Antique,29.967057824568094,contains
Bugasong,Antique,174.55210410409143,contains
Culasi,Antique,197.38631760086275,contains
Hamtic,Antique,135.79896096061665,contains
Laua-An,Antique,159.9619856776515,contains
Libertad,Antique,94.68972116312065,contains
Pandan,Antique,147.12888709301703,contains
Patnongon,Antique,133.68996184326303,contains
San Jose,Antique,44.96891888605633,contains
San Remigio,Antique,394.71238677077486,contains
Sebaste,Antique,106.66115400143842,contains
Sibalom,Antique,234.4417986260621,contains
Tibiao,Antique,98.9620479013339,contains
Tobias Fornier,Antique,111.22629059646438,contains
Valderrama,Antique,308.09514036726637,contains
City of Roxas,Capiz,103.2899202697979,contains
Cuartero,Capiz,105.17517396632739,contains
Dao,Capiz,74.84407606280368,contains
Dumalag,Capiz,92.02955787510551,contains
Dumarao,Capiz,222.41547329237616,contains
Ivisan,Capiz,57.90288748936109,contains
Jamindan,Capiz,472.17434467920964,contains
Ma-Ayon,Capiz,188.88984674349328,contains
Mambusao,Capiz,102.91217727748652,contains
Panay,Capiz,132.68827247900762,contains
Panitan,Capiz,90.34510193639358,contains
Pilar,Capiz,117.82172669209795,contains
Pontevedra,Capiz,104.56843968153633,contains
President Roxas,Capiz,68.60925146329615,contains
Sapi-An,Capiz,87.7930000751299,contains
Sigma,Capiz,106.88413242609533,contains
Tapaz,Capiz,523.095217570197,contains
Buenavista,Guimaras,112.42701152128232,contains
Jordan,Guimaras,103.75776030878046,contains
Nueva Valencia,Guimaras,127.95530165061493,contains
San Lorenzo,Guimaras,114.77585104657497,contains
Sibunag,Guimaras,136.09701592959914,contains
Ajuy,Iloilo,171.2776637673041,contains
Alimodian,Iloilo,100.94846645044149,contains
Anilao,Iloilo,101.66680746944569,contains
Badiangan,Iloilo,64.25188765949069,contains
Balasan,Iloilo,56.4828103731535,contains
Banate,Iloilo,55.67742514407207,contains
Barotac Nuevo,Iloilo,96.0092090035368,contains
Barotac Viejo,Iloilo,180.3882711146602,contains
Batad,Iloilo,44.79709292141308,contains
Bingawan,Iloilo,57.136393860541745,contains
Cabatuan,Iloilo,103.88232093002317,contains
Calinog,Iloilo,134.60957038180348,contains
Carles,Iloilo,103.18584318725533,contains
City of Passi,Iloilo,240.68643441398848,contains
Concepcion,Iloilo,85.68195032133471,contains
Dingle,Iloilo,98.38335627044988,contains
Dueñas,Iloilo,92.24249927694721,contains
Dumangas,Iloilo,119.06175212712894,contains
Estancia,Iloilo,28.719983485768456,contains
Guimbal,Iloilo,43.247010769189544,contains
Igbaras,Iloilo,131.94572204107777,contains
Janiuay,Iloilo,182.77735458899878,contains
Lambunao,Iloilo,406.03475509578266,contains
Leganes,Iloilo,31.412640847557775,contains
Lemery,Iloilo,149.4085209931709,contains
Leon,Iloilo,139.2295444968983,contains
Maasin,Iloilo,150.75965375281208,contains
Miagao,Iloilo,169.85481730354428,contains
Mina,Iloilo,39.20419921277646,contains
New Lucena,Iloilo,39.63784346881784,contains
Oton,Iloilo,85.50261592738566,contains
Pavia,Iloilo,25.306063076529263,contains
Pototan,Iloilo,98.7786264094812,contains
San Dionisio,Iloilo,118.77565498323192,contains
San Enrique,Iloilo,105.67808981557084,contains
San Joaquin,Iloilo,199.27984260317106,contains
San Miguel,Iloilo,33.12061968313867,contains
San Rafael,Iloilo,83.92802966645189,contains
Santa Barbara,Iloilo,69.65524105584508,contains
Sara,Iloilo,184.84173567214458,contains
Tigbauan,Iloilo,90.20700277253445,contains
Tubungan,Iloilo,90.25817156229114,contains
Zarraga,Iloilo,38.149215068951726,contains
Alburquerque,Bohol,28.39757800428757,contains
Alicia,Bohol,81.75584218818156,contains
Anda,Bohol,66.1261934465504,contains
Antequera,Bohol,65.83639692716596,contains
Baclayon,Bohol,33.85019052988096,contains
Balilihan,Bohol,104.20014070992742,contains
Batuan,Bohol,84.9261176421732,contains
Bien Unido,Bohol,26.89522593824119,contains
Bilar,Bohol,158.78609863958556,contains
Buenavista,Bohol,109.46524618261886,contains
Calape,Bohol,70.64900644460549,contains
Candijay,Bohol,92.55109636551003,contains
Carmen,Bohol,209.68125280089444,contains
Catigbian,Bohol,108.56681989649117,contains
City of Tagbilaran,Bohol,32.196535954338266,contains
Clarin,Bohol,45.087468227455794,contains
Corella,Bohol,34.64244829278221,contains
Cortes,Bohol,33.233012040080546,contains
Dagohoy,Bohol,92.69970920666928,contains
Danao,Bohol,108.63761796079629,contains
Dauis,Bohol,44.08696524959281,contains
Dimiao,Bohol,54.38616907750335,contains
Duero,Bohol,64.8441665539903,contains
Garcia Hernandez,Bohol,96.6527737767519,contains
Getafe,Bohol,93.81537202578721,contains
Guindulman,Bohol,97.73110619310373,contains
Inabanga,Bohol,108.15750563622701,contains
Jagna,Bohol,96.81551883379602,contains
Lila,Bohol,17.869180517496645,contains
Loay,Bohol,26.01307715699812,contains
Loboc,Bohol,57.992370802342656,contains
Loon,Bohol,98.21706934264385,contains
Mabini,Bohol,96.56407475981602,contains
Maribojoc,Bohol,55.20831416498258,contains
Panglao,Bohol,47.08592691581478,contains
Pilar,Bohol,114.25082184164744,contains
President Carlos P. Garcia,Bohol,46.390956948489126,contains
Sagbayan,Bohol,76.23253493339082,contains
San Isidro,Bohol,59.13211863454202,contains
San Miguel,Bohol,107.45959934384203,contains
Sevilla,Bohol,55.933506900868224,contains
Sierra Bullones,Bohol,99.45018299530594,contains
Sikatuna,Bohol,42.09394472734784,contains
Talibon,Bohol,147.6985294660312,contains
Trinidad,Bohol,142.4517078774286,contains
Tubigon,Bohol,65.87799349128703,contains
Ubay,Bohol,264.25416682507307,contains
Valencia,Bohol,99.01526175981313,contains
Alcantara,Cebu,25.750186398553797,contains
Alcoy,Cebu,67.39560898926543,contains
Alegria,Cebu,96.44375791963573,contains
Aloguinsan,Cebu,63.150377743741885,contains
Argao,Cebu,195.78355082955983,contains
Asturias,Cebu,140.26224996169753,contains
Badian,Cebu,116.52294456488964,contains
Balamban,Cebu,221.30074747052504,contains
Bantayan,Cebu,82.54543047946655,contains
Barili,Cebu,119.17864882189699,contains
Boljoon,Cebu,82.44277671209979,contains
Borbon,Cebu,91.42773409000273,contains
Carmen,Cebu,86.26921565836855,contains
Catmon,Cebu,111.02213332897645,contains
City of Bogo,Cebu,95.13611348967424,contains
City of Carcar,Cebu,98.64644415861208,contains
City of Naga,Cebu,97.02574739350592,contains
City of Toledo,Cebu,232.80753113782134,contains
Compostela,Cebu,47.59226225060061,contains
Consolacion,Cebu,37.92524336331676,contains
Cordova,Cebu,9.23324169114505,contains
Daanbantayan,Cebu,91.98661637770981,contains
Dalaguete,Cebu,143.30029155249377,contains
Danao City,Cebu,168.52192716975492,contains
Dumanjug,Cebu,85.86647622336083,contains
Ginatilan,Cebu,50.602961082185196,contains
Liloan,Cebu,52.98114004119927,contains
Madridejos,Cebu,24.04435006476364,contains
Malabuyoc,Cebu,82.07173545750734,contains
Medellin,Cebu,75.72299691643404,contains
Minglanilla,Cebu,51.2695069212756,contains
Moalboal,Cebu,68.37203424638794,contains
Oslob,Cebu,127.36546363622877,contains
Pilar,Cebu,33.519288807564685,contains
Pinamungajan,Cebu,105.64418266281929,contains
Poro,Cebu,65.70768876255651,contains
Ronda,Cebu,44.25388726488079,contains
Samboan,Cebu,51.62348897075743,contains
San Fernando,Cebu,74.91909163817364,contains
San Francisco,Cebu,97.13253303051569,contains
San Remigio,Cebu,97.52791144625765,contains
Santa Fe,Cebu,28.83336008487417,contains
Santander,Cebu,33.25826733650109,contains
Sibonga,Cebu,105.49073710373644,contains
Sogod,Cebu,112.10357551541412,contains
Tabogon,Cebu,88.23054502066086,contains
Tabuelan,Cebu,83.41376213162172,contains
Tuburan,Cebu,244.12425522456223,contains
Tudela,Cebu,33.218439329964504,contains
Almeria,Biliran,50.532741456497874,contains
Biliran,Biliran,61.955906981330635,contains
Cabucgayan,Biliran,59.03565390723362,contains
Caibiran,Biliran,77.2419232697451,contains
Culaba,Biliran,84.97748222033324,contains
Kawayan,Biliran,70.39504801649363,contains
Maripipi,Biliran,28.997635029487437,contains
Naval,Biliran,98.71986992998222,contains
Arteche,Eastern Samar,101.2386578164224,contains
Balangiga,Eastern Samar,195.74774569641855,contains
Balangkayan,Eastern Samar,186.12214205861335,contains
Can-Avid,Eastern Samar,239.38050492903952,contains
City of Borongan,Eastern Samar,632.3522946600672,contains
Dolores,Eastern Samar,309.3646134640273,contains
General Macarthur,Eastern Samar,183.4474174087699,contains
Giporlos,Eastern Samar,93.19769795489805,contains
Guiuan,Eastern Samar,175.76190494631857,contains
Hernani,Eastern Samar,49.24736356625629,contains
Jipapad,Eastern Samar,116.44617854142655,contains
Lawaan,Eastern Samar,145.16004872360043,contains
Llorente,Eastern Samar,285.6494501701034,contains
Maslog,Eastern Samar,303.9676107999252,contains
Maydolong,Eastern Samar,189.40591758435775,contains
Mercedes,Eastern Samar,19.834853539731157,contains
Oras,Eastern Samar,236.92003370011412,contains
Quinapondan,Eastern Samar,85.34188292594676,contains
Salcedo,Eastern Samar,118.17122514056172,contains
San Julian,Eastern Samar,140.38104262565622,contains
San Policarpo,Eastern Samar,69.88106105869691,contains
Sulat,Eastern Samar,127.53785615737755,contains
Taft,Eastern Samar,242.91556289211428,contains
Abuyog,Leyte,316.4199184173725,contains
Alangalang,Leyte,155.10105949078965,contains
Albuera,Leyte,77.18017966525257,contains
Babatngon,Leyte,134.2769918962931,contains
Barugo,Leyte,85.28082508000348,contains
Bato,Leyte,70.57696254808924,contains
Burauen,Leyte,310.5145778783734,contains
Calubian,Leyte,89.55869295080683,contains
Capoocan,Leyte,110.77657219778891,contains
Carigara,Leyte,88.6604950399288,contains
City of Baybay,Leyte,378.29661181502377,contains
Dagami,Leyte,124.53991449214769,contains
Dulag,Leyte,77.97237267013915,contains
Hilongos,Leyte,193.41046700003284,contains
Hindang,Leyte,46.27081479942601,contains
Inopacan,Leyte,122.03059570676402,contains
Isabel,Leyte,64.40003789067109,contains
Jaro,Leyte,187.2015866871958,contains
Javier,Leyte,177.46289380925182,contains
Julita,Leyte,35.904207477365965,contains
Kananga,Leyte,232.9444703048675,contains
La Paz,Leyte,94.86183400378927,contains
Leyte,Leyte,177.46289380925182,contains
Macarthur,Leyte,71.17427846752337,contains
Mahaplag,Leyte,189.01616986213,contains
Matag-Ob,Leyte,70.1411217478571,contains
Matalom,Leyte,130.64160916556798,contains
Mayorga,Leyte,41.43603837397124,contains
Merida,Leyte,106.7896185320707,contains
Ormoc City,Leyte,541.1594667066308,contains
Palo,Leyte,80.87897680329588,contains
Palompon,Leyte,151.765624284917,contains
Pastrana,Leyte,45.96224669705263,contains
San Isidro,Leyte,127.19672048856071,contains
San Miguel,Leyte,112.35309588765952,contains
Santa Fe,Leyte,41.43170091593447,contains
Tabango,Leyte,130.16626237436378,contains
Tabontabon,Leyte,25.718750926139325,contains
Tanauan,Leyte,67.26097373539213,contains
Tolosa,Leyte,22.71023267929366,contains
Tunga,Leyte,8.703225031339695,contains
Villaba,Leyte,151.3791982398451,contains
Allen,Northern Samar,44.615098567113094,contains
Biri,Northern Samar,25.497699250172772,contains
Bobon,Northern Samar,119.7241792034618,contains
Capul,Northern Samar,34.07091386376136,contains
Catarman,Northern Samar,303.1071611666664,contains
Catubig,Northern Samar,241.8624685889659,contains
Gamay,Northern Samar,84.78758821304115,contains
Laoang,Northern Samar,204.91177933393405,contains
Lapinig,Northern Samar,47.938903900688096,contains
Las Navas,Northern Samar,282.7933847892502,contains
Lavezares,Northern Samar,103.30429142437733,contains
Lope De Vega,Northern Samar,243.9037135897072,contains
Mapanas,Northern Samar,131.68225844065256,contains
Mondragon,Northern Samar,301.78586337352147,contains
Palapag,Northern Samar,178.20139993265792,contains
Pambujan,Northern Samar,162.16920433206067,contains
Rosario,Northern Samar,59.920694830573666,contains
San Antonio,Northern Samar,28.28064440974527,contains
San Isidro,Northern Samar,181.70768657577625,contains
San Jose,Northern Samar,81.20669798150622,contains
San Roque,Northern Samar,169.08797793791862,contains
San Vicente,Northern Samar,18.349083909815313,contains
Silvino Lobos,Northern Samar,255.3081938234488,contains
Victoria,Northern Samar,134.93705854103587,contains
Almagro,Samar,24.748973348243435,contains
Calbiga,Samar,195.88511233468643,contains
City of Calbayog,Samar,875.7615580381209,contains
City of Catbalogan,Samar,169.41887581811875,contains
Daram,Samar,104.68662677293618,contains
Gandara,Samar,305.6439020852828,contains
Hinabangan,Samar,400.49706254619207,contains
Jiabong,Samar,121.55020881601344,contains
Marabut,Samar,137.3648505771269,contains
Matuguinao,Samar,375.22259874727894,contains
Motiong,Samar,125.39431254852241,contains
Pagsanghan,Samar,33.25670569362593,contains
Paranas,Samar,512.2348446769953,contains
Pinabacdao,Samar,99.54948131639017,contains
San Jorge,Samar,268.60856077388183,contains
San Jose De Buan,Samar,297.0584802028358,contains
San Sebastian,Samar,32.45234706523673,contains
Santa Margarita,Samar,125.54400226686789,contains
Santa Rita,Samar,243.6783276296185,contains
Santo Niño,Samar,30.08301553275261,contains
Tagapul-An,Samar,29.008960786114574,contains
Talalora,Samar,27.094754039893505,contains
Tarangnan,Samar,86.93173295108771,contains
Villareal,Samar,130.45995110281743,contains
Zumarraga,Samar,35.33889571987105,contains
Anahawan,Southern Leyte,34.685267364620586,contains
Bontoc,Southern Leyte,124.85325805841399,contains
City of Maasin,Southern Leyte,204.2353927143459,contains
Hinunangan,Southern Leyte,168.29715719129476,contains
Hinundayan,Southern Leyte,41.735925062020826,contains
Libagon,Southern Leyte,105.3268752982295,contains
Liloan,Southern Leyte,86.82349780087226,contains
Limasawa,Southern Leyte,6.782760822198596,contains
Macrohon,Southern Leyte,66.45231669247745,contains
Malitbog,Southern Leyte,85.22624832212449,contains
Padre Burgos,Southern Leyte,27.811504557711565,contains
Pintuyan,Southern Leyte,44.74416684675513,contains
Saint Bernard,Southern Leyte,86.58102409977516,contains
San Francisco,Southern Leyte,55.42693511903767,contains
San Juan,Southern Leyte,30.64072780821938,contains
San Ricardo,Southern Leyte,38.2586744330028,contains
Silago,Southern Leyte,169.02380321221673,contains
Sogod,Southern Leyte,219.74217259762244,contains
Tomas Oppus,Southern Leyte,59.400642487811574,contains
Baungon,Bukidnon,421.3866230613885,contains
Cabanglasan,Bukidnon,307.13157425752445,contains
City of Malaybalay,Bukidnon,1003.3399744423538,contains
City of Valencia,Bukidnon,667.8738760629175,contains
Damulog,Bukidnon,172.3767505449663,contains
Dangcagan,Bukidnon,73.39972337031814,contains
Don Carlos,Bukidnon,216.5429384994527,contains
Impasug-ong,Bukidnon,954.4451652139661,contains
Kadingilan,Bukidnon,166.89037933803482,contains
Kalilangan,Bukidnon,217.97983157801823,contains
Kibawe,Bukidnon,174.36081111487687,contains
Kitaotao,Bukidnon,387.00127108976216,contains
Lantapan,Bukidnon,355.9729169738754,contains
Libona,Bukidnon,269.78189367354213,contains
Malitbog,Bukidnon,381.5907140338739,contains
Manolo Fortich,Bukidnon,436.92276308019945,contains
Maramag,Bukidnon,320.5753120203147,contains
Pangantucan,Bukidnon,430.73478285698206,contains
Quezon,Bukidnon,647.2173867625241,contains
San Fernando,Bukidnon,605.2360777659483,contains
Sumilao,Bukidnon,168.2279358019687,contains
Talakag,Bukidnon,978.6471557473338,contains
Catarman,Camiguin,73.78859930224218,contains
Guinsiliban,Camiguin,29.905341151478208,contains
Mahinog,Camiguin,30.31744483910722,contains
Mambajao,Camiguin,72.95860465790263,contains
Sagay,Camiguin,35.175588201598934,contains
Bacolod,Lanao del Norte,63.41597182460464,contains
Baloi,Lanao del Norte,64.84316370750145,contains
Baroy,Lanao del Norte,49.27481728968896,contains
Kapatagan,Lanao del Norte,134.009959458798,contains
Kauswagan,Lanao del Norte,70.24284697522539,contains
Kolambugan,Lanao del Norte,66.60736553595984,contains
Lala,Lanao del Norte,122.96124810081496,contains
Linamon,Lanao del Norte,18.553429085892326,contains
Magsaysay,Lanao del Norte,89.65309527657682,contains
Maigo,Lanao del Norte,90.8089063851823,contains
Matungao,Lanao del Norte,34.86016927028841,contains
Munai,Lanao del Norte,140.19484131950688,contains
Nunungan,Lanao del Norte,219.0854912684779,contains
Pantao Ragat,Lanao del Norte,50.044387173356434,contains
Pantar,Lanao del Norte,60.332081124979034,contains
Poona Piagapo,Lanao del Norte,65.41050400268519,contains
Salvador,Lanao del Norte,91.80384555021203,contains
Sapad,Lanao del Norte,117.9997257353453,contains
Sultan Naga Dimaporo,Lanao del Norte,209.6930017511881,contains
Tagoloan,Lanao del Norte,108.06674905187201,contains
Tangcal,Lanao del Norte,69.36884253416272,contains
Tubod,Lanao del Norte,166.89949244907194,contains
Aloran,Misamis Occidental,110.2223718079764,contains
Baliangao,Misamis Occidental,58.56938544777576,contains
Bonifacio,Misamis Occidental,110.21436194228205,contains
Calamba,Misamis Occidental,64.37937552965333,contains
City of Oroquieta,Misamis Occidental,149.86410454476464,contains
City of Ozamiz,Misamis Occidental,149.86410454476464,contains
City of Tangub,Misamis Occidental,178.82408939190782,contains
Clarin,Misamis Occidental,77.78619601263789,contains
Concepcion,Misamis Occidental,48.12978224759756,contains
Don Victoriano Chiongbian,Misamis Occidental,121.37976727882732,contains
Jimenez,Misamis Occidental,83.83930269681404,contains
Lopez Jaena,Misamis Occidental,112.36216709838274,contains
Panaon,Misamis Occidental,34.488603666827174,contains
Plaridel,Misamis Occidental,81.64637806947046,contains
Sapang Dalaga,Misamis Occidental,121.37976727882732,contains
Sinacaban,Misamis Occidental,89.51005289926643,contains
Tudela,Misamis Occidental,114.48017339044063,contains
Alubijid,Misamis Oriental,116.66297883913988,contains
Balingasag,Misamis Oriental,165.60921892156142,contains
Balingoan,Misamis Oriental,67.5606936432014,contains
Binuangan,Misamis Oriental,12.22198983187893,contains
City of El Salvador,Misamis Oriental,85.17581678427595,contains
City of Gingoog,Misamis Oriental,577.5920728340088,contains
Claveria,Misamis Oriental,622.4162290006833,contains
Gitagum,Misamis Oriental,39.534624549920636,contains
Initao,Misamis Oriental,90.9819559908363,contains
Jasaan,Misamis Oriental,64.87766757567259,contains
Kinoguitan,Misamis Oriental,44.41753596897856,contains
Lagonglong,Misamis Oriental,47.389047877861096,contains
Laguindingan,Misamis Oriental,36.80459787120625,contains
Libertad,Misamis Oriental,35.99334629397525,contains
Lugait,Misamis Oriental,38.75766940310619,contains
Magsaysay,Misamis Oriental,112.09930598486926,contains
Manticao,Misamis Oriental,105.6412500858938,contains
Medina,Misamis Oriental,101.79893332041189,contains
Naawan,Misamis Oriental,65.76457047361406,contains
Opol,Misamis Oriental,192.11498056472016,contains
Salay,Misamis Oriental,78.59003669217259,contains
Sugbongcogon,Misamis Oriental,27.233892161707523,contains
Tagoloan,Misamis Oriental,50.30001671436829,contains
Talisayan,Misamis Oriental,56.15138763991793,contains
Villanueva,Misamis Oriental,36.82674809727684,contains
Don Marcelino,Davao Occidental,364.89640695924896,contains
Jose Abad Santos,Davao Occidental,687.890042506877,contains
Malita,Davao Occidental,605.9124086323263,contains
Santa Maria,Davao Occidental,212.8396584611898,contains
Sarangani,Davao Occidental,89.25137470066116,contains
Baganga,Davao Oriental,886.7213414530054,contains
Banaybanay,Davao Oriental,226.18342593096548,contains
Boston,Davao Oriental,376.73462140822755,contains
Caraga,Davao Oriental,571.2996255147946,contains
Cateel,Davao Oriental,452.8757319315461,contains
City of Mati,Davao Oriental,708.8423963190247,contains
Governor Generoso,Davao Oriental,297.09577409390636,contains
Lupon,Davao Oriental,540.0501447429832,contains
Manay,Davao Oriental,415.86496360948627,contains
San Isidro,Davao Oriental,237.8135104439044,contains
Tarragona,Davao Oriental,278.08860002692063,contains
Compostela,Davao de Oro,356.22519594773325,contains
Laak,Davao de Oro,708.3222383222165,contains
Mabini,Davao de Oro,214.84498126893,contains
Maco,Davao de Oro,316.782068869055,contains
Maragusan,Davao de Oro,426.3334611005581,contains
Mawab,Davao de Oro,125.3222596447376,contains
Monkayo,Davao de Oro,565.8864935364294,contains
Montevista,Davao de Oro,262.5359057468068,contains
Nabunturan,Davao de Oro,271.5825991777226,contains
New Bataan,Davao de Oro,563.7612448410792,contains
Pantukan,Davao de Oro,540.221556116217,contains
Asuncion,Davao del Norte,223.24951403683832,contains
Braulio E. Dujali,Davao del Norte,83.46935512344434,contains
Carmen,Davao del Norte,145.65391450150463,contains
City of Panabo,Davao del Norte,251.68727419105684,contains
City of Tagum,Davao del Norte,184.02682328908682,contains
Island Garden City of Samal,Davao del Norte,280.0554568805525,contains
Kapalong,Davao del Norte,776.1007330165334,contains
New Corella,Davao del Norte,244.880544616794,contains
San Isidro,Davao del Norte,163.70924660032946,contains
Santo Tomas,Davao del Norte,239.434890240364,contains
Talaingod,Davao del Norte,653.1656749769563,contains
Bansalan,Davao del Sur,214.20398012344384,contains
City of Digos,Davao del Sur,265.82968483978834,contains
Hagonoy,Davao del Sur,121.37264780610417,contains
Kiblawan,Davao del Sur,315.46775467527954,contains
Magsaysay,Davao del Sur,234.65364752921434,contains
Malalag,Davao del Sur,135.46980355630737,contains
Matanao,Davao del Sur,250.26475098135035,contains
Padada,Davao del Sur,34.62071021547684,contains
Santa Cruz,Davao del Sur,220.2630181803544,contains
Sulop,Davao del Sur,128.88328875975722,contains
Alamada,Cotabato,564.8898464853999,contains
Aleosan,Cotabato,172.90929965110848,contains
Antipas,Cotabato,110.00025845535174,contains
Arakan,Cotabato,442.7194495954958,contains
Banisilan,Cotabato,284.64248027136244,contains
Carmen,Cotabato,591.1633457541905,contains
City of Kidapawan,Cotabato,290.3332824744551,contains
Kabacan,Cotabato,255.7621227595434,contains
Libungan,Cotabato,167.6703211620453,contains
M'Lang,Cotabato,360.4243710434929,contains
Magpet,Cotabato,384.776625978475,contains
Makilala,Cotabato,344.4533932264118,contains
Matalam,Cotabato,419.17761363555934,contains
Midsayap,Cotabato,292.6974131485342,contains
Pigkawayan,Cotabato,247.44292103473765,contains
Pikit,Cotabato,295.0972189621476,contains
President Roxas,Cotabato,345.96499186566143,contains
Tulunan,Cotabato,290.7268829775433,contains
Alabel,Sarangani,494.8181364692678,contains
Glan,Sarangani,709.385626360289,contains
Kiamba,Sarangani,429.2494550718594,contains
Maasim,Sarangani,446.5557919327435,contains
Maitum,Sarangani,286.5136807793289,contains
Malapatan,Sarangani,567.9876929990139,contains
Malungon,Sarangani,767.7254387079618,contains
Banga,South Cotabato,203.40548866887517,contains
City of Koronadal,South Cotabato,274.10930243079,contains
Lake Sebu,South Cotabato,850.4803221135486,contains
Norala,South Cotabato,128.97614458041866,contains
Polomolok,South Cotabato,311.7325332432705,contains
Santo Niño,South Cotabato,77.30173117860902,contains
Surallah,South Cotabato,263.8783948433065,contains
T'Boli,South Cotabato,810.403359262523,contains
Tampakan,South Cotabato,253.42593477422562,contains
Tantangan,South Cotabato,129.75812451185277,contains
Tupi,South Cotabato,294.2107250761199,contains
Bagumbayan,Sultan Kudarat,557.7858143881139,contains
City of Tacurong,Sultan Kudarat,146.36847214811561,contains
Columbio,Sultan Kudarat,301.3461948471743,contains
Esperanza,Sultan Kudarat,222.3549657199427,contains
Isulan,Sultan Kudarat,524.4665428993587,contains
Kalamansig,Sultan Kudarat,475.4596125595187,contains
Lambayong,Sultan Kudarat,188.475742286074,contains
Lebak,Sultan Kudarat,465.1497022508559,contains
Lutayan,Sultan Kudarat,166.83803254402955,contains
Palimbang,Sultan Kudarat,796.7938236267769,contains
President Quirino,Sultan Kudarat,108.51038344485191,contains
Sen. Ninoy Aquino,Sultan Kudarat,108.51038344485191,contains
Buenavista,Agusan del Norte,436.6043847503541,contains
Carmen,Agusan del Norte,129.1785184213296,contains
City of Cabadbaran,Agusan del Norte,334.47914802764444,contains
Jabonga,Agusan del Norte,272.25928705964657,contains
Kitcharao,Agusan del Norte,142.95745025093802,contains
Las Nieves,Agusan del Norte,192.60515037718008,contains
Magallanes,Agusan del Norte,36.833927111584856,contains
Nasipit,Agusan del Norte,107.91257953905607,contains
Remedios T. Romualdez,Agusan del Norte,82.30336833527923,contains
Santiago,Agusan del Norte,196.80830638945912,contains
Tubay,Agusan del Norte,94.74095242544895,contains
Bunawan,Agusan del Sur,464.147137643344,contains
City of Bayugan,Agusan del Sur,475.6956118104116,contains
Esperanza,Agusan del Sur,1331.1207886492855,contains
La Paz,Agusan del Sur,971.5017801098368,contains
Loreto,Agusan del Sur,1098.7290257759992,contains
Prosperidad,Agusan del Sur,491.8867540720736,contains
Rosario,Agusan del Sur,391.1835061056698,contains
San Francisco,Agusan del Sur,352.67041565519867,contains
San Luis,Agusan del Sur,1020.0488734721348,contains
Santa Josefa,Agusan del Sur,110.7018618331106,contains
Sibagat,Agusan del Sur,728.8389538128388,contains
Talacogon,Agusan del Sur,351.63796626455274,contains
Trento,Agusan del Sur,399.9059788936965,contains
Veruela,Agusan del Sur,265.3883167435684,contains
Basilisa,Dinagat Islands,99.56113001983121,contains
Cagdianao,Dinagat Islands,198.69170742423864,contains
Dinagat,Dinagat Islands,186.17327178944845,contains
Libjo,Dinagat Islands,186.17327178944845,contains
Loreto,Dinagat Islands,172.50988770657312,contains
San Jose,Dinagat Islands,32.21907039161442,contains
Tubajon,Dinagat Islands,88.58227955106203,contains
Alegria,Surigao del Norte,79.82391989338527,contains
Bacuag,Surigao del Norte,63.03455636945407,contains
Burgos,Surigao del Norte,16.65419083903473,contains
City of Surigao,Surigao del Norte,282.38714869928754,contains
Claver,Surigao del Norte,286.1601547645051,contains
Dapa,Surigao del Norte,83.99832703091832,contains
Del Carmen,Surigao del Norte,147.46650316933398,contains
General Luna,Surigao del Norte,46.67773634392039,contains
Gigaquit,Surigao del Norte,141.65649153932162,contains
Mainit,Surigao del Norte,107.68495060621017,contains
Malimono,Surigao del Norte,98.71651539831655,contains
Pilar,Surigao del Norte,74.31611623395423,contains
Placer,Surigao del Norte,64.30251713754409,contains
San Benito,Surigao del Norte,49.18669045733516,contains
San Francisco,Surigao del Norte,55.60508613906756,contains
San Isidro,Surigao del Norte,52.092557391133624,contains
Santa Monica,Surigao del Norte,30.20964914191768,contains
Sison,Surigao del Norte,65.13656893267306,contains
Socorro,Surigao del Norte,125.88178437932271,contains
Tagana-An,Surigao del Norte,63.48636274070328,contains
Tubod,Surigao del Norte,37.30536154295586,contains
Barobo,Surigao del Sur,232.37405753023114,contains
Bayabas,Surigao del Sur,53.75998177576111,contains
Cagwait,Surigao del Sur,78.3842081976731,contains
Cantilan,Surigao del Sur,203.10446980978256,contains
Carmen,Surigao del Sur,158.04514514668085,contains
Carrascal,Surigao del Sur,243.51852987815695,contains
City of Bislig,Surigao del Sur,413.6151180833142,contains
City of Tandag,Surigao del Sur,180.98686688686195,contains
Cortes,Surigao del Sur,120.45021115033282,contains
Hinatuan,Surigao del Sur,323.4175341468054,contains
Lanuza,Surigao del Sur,317.2075229858658,contains
Lianga,Surigao del Sur,313.54680323499247,contains
Lingig,Surigao del Sur,297.67905738237914,contains
Madrid,Surigao del Sur,143.34542771044596,contains
Marihatag,Surigao del Sur,195.48389350202967,contains
San Agustin,Surigao del Sur,90.49651037464105,contains
San Miguel,Surigao del Sur,652.6333554509015,contains
Tagbina,Surigao del Sur,358.01241961173537,contains
Tago,Surigao del Sur,320.83679582552503,contains
City of Baguio,City of Baguio (Not a Province),58.28560894572597,contains
City of Puerto Princesa,City of Puerto Princesa (Not a Province),2168.8773272710646,contains
City of Caloocan,City of Caloocan (Not a Province),53.348213741232556,contains
City of Las Piñas,City of Las Piñas (Not a Province),32.84201907138529,contains
City of Makati,City of Makati (Not a Province),24.841153304616597,contains
City of Malabon,City of Malabon (Not a Province),16.011597567991405,contains
City of Mandaluyong,City of Mandaluyong (Not a Province),11.415397925768765,contains
City of Marikina,City of Marikina (Not a Province),22.85048078653645,contains
City of Muntinlupa,City of Muntinlupa (Not a Province),39.45316278178324,contains
City of Navotas,City of Navotas (Not a Province),10.58407337852818,contains
City of Parañaque,City of Parañaque (Not a Province),44.9125009430483,contains
City of Pasig,City of Pasig (Not a Province),31.306930099271394,contains
City of San Juan,City of San Juan (Not a Province),5.781036154342681,contains
City of Taguig,City of Taguig (Not a Province),35.52425550700532,contains
City of Valenzuela,City of Valenzuela (Not a Province),46.4456441797892,contains
Pasay City,Pasay City (Not a Province),17.78490259562967,contains
Quezon City,Quezon City (Not a Province),162.48234202733866,contains
Pateros,Pateros (Not a Province),1.602155463367194,contains
City of Bacolod,City of Bacolod (Not a Province),162.56878120008562,contains
City of Angeles,City of Angeles (Not a Province),121.19618549859973,contains
City of Olongapo,City of Olongapo (Not a Province),141.0046386928238,contains
City of Lucena,City of Lucena (Not a Province),83.80830646363613,contains
City of Zamboanga,City of Zamboanga (Not a Province),1496.4456402906299,contains
City of Iloilo,City of Iloilo (Not a Province),72.73986794380285,contains
City of Cebu,City of Cebu (Not a Province),290.88470046219413,contains
City of Lapu-Lapu,City of Lapu-Lapu (Not a Province),67.39822064587096,contains
City of Mandaue,City of Mandaue (Not a Province),30.980006869349513,contains
City of Tacloban,City of Tacloban (Not a Province),105.78624805368139,contains
City of Cagayan De Oro,City of Cagayan De Oro (Not a Province),507.3310960876411,contains
City of Iligan,City of Iligan (Not a Province),532.2903675758154,contains
City of Davao,City of Davao (Not a Province),2342.8199928206686,contains
City of General Santos,City of General Santos (Not a Province),521.6642987775579,contains
City of Butuan,City of Butuan (Not a Province),649.1007337568702,contains
Al-Barka,Basilan,48.998282661334386,nearest
City of Candon,Ilocos Sur,77.48636800711456,nearest
City of Alaminos,Pangasinan,132.90252942654948,nearest
Caluya,Antique,138.2746837486368,nearest
City of Talisay,Cebu,42.14259930780162,nearest
Basey,Samar,595.840915440154,nearest
